post	similarity
news	1
worldnews	0.995715234
nottheonion	0.9947894405
politics	0.9862552667
environment	0.9779390349
australia	0.9750849707
TrueReddit	0.9727677294
chicago	0.9691902456
Foodforthought	0.9596684289
horror	0.9562396803
evolutionReddit	0.952972854
